Sport,Country,League,Participants,Bet,HomeOdd,DrawOdd,AwayOdd,ProbaLeague,Kelly,Probability,Prediction
soccer,croatia,1-hnl,Istra 1961 - Zapresic,1,2.25,3.11,3.19,0.472972972972973,0.03378378378378399,0.4001302365639701,1
hockey,russia,mhl,Kuznetskie Medvedi - Snezhnye Barsy,2,2.53,4.46,2.14,0.502092050209205,0.004184100418409997,0.4268667091697856,2
soccer,portugal,primeira-liga,&nbsp;Portimonense - Setubal,1,2.19,3.15,3.45,0.5018867924528302,0.0037735849056603765,0.4200810828573214,1
